Pos,Peptide,ID,core,icore,EL-score,EL_Rank,BA-score,BA_Rank,Ave,NB
0,FHYDRNNI,PEPLIST,FHYDRN-NI,FHYDRNNI,0.0027,20.0803,0.0558,34.2327,0.0027,0
0,HYDRNNIA,PEPLIST,H-YDRNNIA,HYDRNNIA,0.0004,44.5556,0.0289,68.0273,0.0004,0
0,YDRNNIAV,PEPLIST,YDR-NNIAV,YDRNNIAV,0.0004,43.5714,0.0316,63.608,0.0004,0
0,DRNNIAVG,PEPLIST,DRNNIAVG-,DRNNIAVG,0,73.75,0.0143,92.1082,0,0
0,RNNIAVGA,PEPLIST,RNN-IAVGA,RNNIAVGA,0.0002,55,0.0334,60.7318,0.0002,0
0,NNIAVGAD,PEPLIST,NNIAVGAD-,NNIAVGAD,0,88.75,0.0179,86.794,0,0
0,NIAVGADE,PEPLIST,NIAVGADE-,NIAVGADE,0,74.5,0.018,86.5982,0,0
0,IAVGADES,PEPLIST,IAVGADES-,IAVGADES,0,74.25,0.0193,84.5464,0,0
0,AVGADESV,PEPLIST,AVGADE-SV,AVGADESV,0.0003,47.75,0.023,78.1111,0.0003,0
0,VGADESVV,PEPLIST,VGADESVV-,VGADESVV,0.0002,54.9296,0.0195,84.0876,0.0002,0
0,GADESVVK,PEPLIST,GADE-SVVK,GADESVVK,0.002,22.7629,0.0357,57.2722,0.002,0
0,ADESVVKE,PEPLIST,ADESVVKE-,ADESVVKE,0.0001,70.5,0.0086,96.4351,0.0001,0
0,DESVVKEA,PEPLIST,DES-VVKEA,DESVVKEA,0.0005,38.8537,0.0164,89.1303,0.0005,0
0,ESVVKEAH,PEPLIST,ESV-VKEAH,ESVVKEAH,0.0506,3.7176,0.0851,17.5748,0.0506,0
0,SVVKEAHR,PEPLIST,SVV-KEAHR,SVVKEAHR,0.0058,13.6586,0.0516,37.998,0.0058,0
0,VVKEAHRE,PEPLIST,VVKEAHRE-,VVKEAHRE,0.0019,23.2888,0.0323,62.566,0.0019,0
0,VKEAHREV,PEPLIST,VK-EAHREV,VKEAHREV,0.0005,38.8049,0.0255,73.9088,0.0005,0
0,KEAHREVI,PEPLIST,KEA-HREVI,KEAHREVI,0.0013,27.5304,0.0326,62.0331,0.0013,0
0,EAHREVIN,PEPLIST,EAHREVIN-,EAHREVIN,0.0001,65.7143,0.0146,91.6458,0.0001,0
0,AHREVINS,PEPLIST,AHREVINS-,AHREVINS,0.0016,25.3873,0.0337,60.3182,0.0016,0
0,HREVINSS,PEPLIST,H-REVINSS,HREVINSS,0.0001,59,0.0196,83.9065,0.0001,0
0,REVINSST,PEPLIST,REVINSST-,REVINSST,0.0011,29.8163,0.0318,63.258,0.0011,0
0,EVINSSTE,PEPLIST,EVINSSTE-,EVINSSTE,0.0005,39.9444,0.0253,74.1615,0.0005,0
0,VINSSTEG,PEPLIST,VINSST-EG,VINSSTEG,0.0003,48.2778,0.032,62.9446,0.0003,0
0,INSSTEGL,PEPLIST,INS-STEGL,INSSTEGL,0.0008,34.2,0.0285,68.671,0.0008,0
0,NSSTEGLL,PEPLIST,NSS-TEGLL,NSSTEGLL,0.0004,41.8387,0.0379,54.1564,0.0004,0
0,SSTEGLLL,PEPLIST,SST-EGLLL,SSTEGLLL,0.0099,10.2476,0.0764,21.039,0.0099,0
0,STEGLLLN,PEPLIST,STEGLLLN-,STEGLLLN,0.0002,52.1127,0.0293,67.4817,0.0002,0
0,TEGLLLNI,PEPLIST,TEG-LLLNI,TEGLLLNI,0.0002,50.0704,0.0348,58.6198,0.0002,0
0,EGLLLNID,PEPLIST,EGLLLNID-,EGLLLNID,0,92.5,0.0088,96.386,0,0
0,GLLLNIDK,PEPLIST,GLL-LNIDK,GLLLNIDK,0.0008,33.127,0.0453,44.6827,0.0008,0
0,LLLNIDKD,PEPLIST,LLLNIDKD-,LLLNIDKD,0,76.3333,0.0244,75.6769,0,0
0,LLNIDKDI,PEPLIST,LLN-IDKDI,LLNIDKDI,0.0003,49.7222,0.0322,62.6201,0.0003,0
0,LNIDKDIR,PEPLIST,LNIDKDI-R,LNIDKDIR,0.0003,48.8333,0.0228,78.5009,0.0003,0
0,NIDKDIRK,PEPLIST,NID-KDIRK,NIDKDIRK,0.0008,34.5273,0.0217,80.3398,0.0008,0
0,IDKDIRKI,PEPLIST,IDKD-IRKI,IDKDIRKI,0.0006,38.3659,0.0139,92.584,0.0006,0
0,DKDIRKIL,PEPLIST,DKD-IRKIL,DKDIRKIL,0.0025,20.7518,0.0203,82.6733,0.0025,0
0,KDIRKILS,PEPLIST,KDIRKILS-,KDIRKILS,0.0003,47.2,0.02,83.2339,0.0003,0
0,DIRKILSG,PEPLIST,DIR-KILSG,DIRKILSG,0.0001,61.1842,0.0192,84.7154,0.0001,0
0,IRKILSGY,PEPLIST,IRK-ILSGY,IRKILSGY,0.0071,12.2554,0.078,20.3192,0.0071,0
0,RKILSGYI,PEPLIST,RKILSG-YI,RKILSGYI,0.0009,31.7973,0.0575,32.7995,0.0009,0
0,KILSGYIV,PEPLIST,KIL-SGYIV,KILSGYIV,0.0014,26.584,0.062,29.393,0.0014,0
0,ILSGYIVE,PEPLIST,ILSGYIVE-,ILSGYIVE,0.0027,19.9383,0.071,23.7831,0.0027,0
0,LSGYIVEI,PEPLIST,#NAME?,LSGYIVEI,0.0003,48.1667,0.0477,41.9948,0.0003,0
0,SGYIVEIE,PEPLIST,SGYIVEIE-,SGYIVEIE,0.0005,39.1667,0.0334,60.7143,0.0005,0
0,GYIVEIED,PEPLIST,GYI-VEIED,GYIVEIED,0,88.75,0.0127,94.2724,0,0
0,YIVEIEDT,PEPLIST,YIVEIEDT-,YIVEIEDT,0.0003,46,0.0358,57.1446,0.0003,0
0,IVEIEDTE,PEPLIST,IVEIEDTE-,IVEIEDTE,0,77.3333,0.0132,93.5688,0,0
0,VEIEDTEG,PEPLIST,VEIEDTEG-,VEIEDTEG,0.0002,53.169,0.0213,81.0659,0.0002,0
0,EIEDTEGL,PEPLIST,#NAME?,EIEDTEGL,0.0003,45.7083,0.0208,81.8041,0.0003,0
0,IEDTEGLK,PEPLIST,IED-TEGLK,IEDTEGLK,0.0007,35.7885,0.0349,58.5426,0.0007,0
0,EDTEGLKE,PEPLIST,EDTEGLKE-,EDTEGLKE,0,86.875,0.0064,97.3653,0,0
0,DTEGLKEV,PEPLIST,DT-EGLKEV,DTEGLKEV,0.0003,49.3333,0.012,95.0322,0.0003,0
0,TEGLKEVI,PEPLIST,TE-GLKEVI,TEGLKEVI,0.0004,44.0741,0.0224,79.0598,0.0004,0
0,EGLKEVIN,PEPLIST,EGLKEVIN-,EGLKEVIN,0,77.3333,0.0096,96.0469,0,0
0,GLKEVIND,PEPLIST,GLKEVIND-,GLKEVIND,0.0008,33.5079,0.0313,64.1807,0.0008,0
0,LKEVINDR,PEPLIST,#NAME?,LKEVINDR,0.0002,51.831,0.0186,85.6755,0.0002,0
0,KEVINDRY,PEPLIST,KEV-INDRY,KEVINDRY,0.0146,8.2045,0.0669,26.1571,0.0146,0
0,EVINDRYD,PEPLIST,EVINDRYD-,EVINDRYD,0,85.625,0.0136,92.9811,0,0
0,VINDRYDM,PEPLIST,VIND-RYDM,VINDRYDM,0.0048,15.02,0.0729,22.7894,0.0048,0
0,INDRYDML,PEPLIST,IND-RYDML,INDRYDML,0.0007,36.46,0.0323,62.4674,0.0007,0
0,NDRYDMLN,PEPLIST,NDRYDMLN-,NDRYDMLN,0,89.375,0.0122,94.9041,0,0
0,DRYDMLNI,PEPLIST,DRYDML-NI,DRYDMLNI,0.001,31.3243,0.0312,64.3462,0.001,0
0,RYDMLNIS,PEPLIST,RYDMLNIS-,RYDMLNIS,0.0001,64.2105,0.0293,67.3287,0.0001,0
0,YDMLNISS,PEPLIST,YDMLNISS-,YDMLNISS,0.0001,59.7,0.0386,53.2026,0.0001,0
0,DMLNISSL,PEPLIST,DML-NISSL,DMLNISSL,0.0111,9.5623,0.0867,17.041,0.0111,0
0,MLNISSLR,PEPLIST,MLN-ISSLR,MLNISSLR,0.0047,15.1887,0.1013,12.7738,0.0047,0
0,LNISSLRQ,PEPLIST,LNISSLRQ-,LNISSLRQ,0.0003,46.1304,0.0315,63.7655,0.0003,0
0,NISSLRQD,PEPLIST,NISSLRQD-,NISSLRQD,0,78,0.017,88.1723,0,0
0,ISSLRQDG,PEPLIST,ISSLRQDG-,ISSLRQDG,0,88.125,0.016,89.8476,0,0
0,SSLRQDGK,PEPLIST,SSL-RQDGK,SSLRQDGK,0.0004,44.1852,0.03,66.2093,0.0004,0
0,SLRQDGKT,PEPLIST,SLRQDGKT-,SLRQDGKT,0.0047,15.1869,0.0495,40.1748,0.0047,0
0,LRQDGKTF,PEPLIST,#NAME?,LRQDGKTF,0.0073,12.0657,0.0509,38.7235,0.0073,0
0,RQDGKTFI,PEPLIST,RQDGKTFI-,RQDGKTFI,0.0181,7.1985,0.0874,16.79,0.0181,0
0,QDGKTFID,PEPLIST,#NAME?,QDGKTFID,0,94.1667,0.0112,95.3692,0,0
0,DGKTFIDF,PEPLIST,DGK-TFIDF,DGKTFIDF,0.0004,44.2963,0.0238,76.8171,0.0004,0
0,GKTFIDFK,PEPLIST,GKT-FIDFK,GKTFIDFK,0.0002,50.9155,0.0298,66.5419,0.0002,0
0,KTFIDFKK,PEPLIST,KTF-IDFKK,KTFIDFKK,0.0043,15.9691,0.052,37.6667,0.0043,0
0,TFIDFKKY,PEPLIST,TFIDFK-KY,TFIDFKKY,0.0214,6.4996,0.0792,19.8053,0.0214,0
0,FIDFKKYN,PEPLIST,FIDFKKYN-,FIDFKKYN,0.0001,63.1579,0.026,72.9372,0.0001,0
0,IDFKKYND,PEPLIST,IDFKKYND-,IDFKKYND,0,84,0.0117,95.1749,0,0
0,DFKKYNDK,PEPLIST,DFK-KYNDK,DFKKYNDK,0.0001,61.5789,0.012,95.0631,0.0001,0
0,FKKYNDKL,PEPLIST,FKK-YNDKL,FKKYNDKL,0.0016,25.4014,0.0349,58.5441,0.0016,0
0,KKYNDKLP,PEPLIST,KKYNDKLP-,KKYNDKLP,0.0003,49.8333,0.0312,64.2714,0.0003,0
0,KYNDKLPL,PEPLIST,K-YNDKLPL,KYNDKLPL,0.0024,20.9088,0.0638,28.1769,0.0024,0
0,YNDKLPLY,PEPLIST,YND-KLPLY,YNDKLPLY,0.0524,3.6289,0.1133,10.3059,0.0524,0
0,NDKLPLYI,PEPLIST,NDK-LPLYI,NDKLPLYI,0.0002,50.493,0.0234,77.4513,0.0002,0
0,DKLPLYIS,PEPLIST,DKLPLYIS-,DKLPLYIS,0.0001,58.5,0.0192,84.643,0.0001,0
0,KLPLYISN,PEPLIST,KLPLYISN-,KLPLYISN,0.0002,54.7887,0.0409,50.1505,0.0002,0
0,LPLYISNP,PEPLIST,LPL-YISNP,LPLYISNP,0.0001,68.3929,0.0243,75.9573,0.0001,0
0,PLYISNPN,PEPLIST,PLYISNPN-,PLYISNPN,0.0001,72.25,0.0287,68.3267,0.0001,0
0,LYISNPNY,PEPLIST,#NAME?,LYISNPNY,0.0187,7.0507,0.1284,7.9803,0.0187,0
0,YISNPNYK,PEPLIST,YIS-NPNYK,YISNPNYK,0.003,18.9516,0.0602,30.6778,0.003,0
0,ISNPNYKV,PEPLIST,ISNP-NYKV,ISNPNYKV,0.0058,13.6392,0.0382,53.6889,0.0058,0
0,SNPNYKVN,PEPLIST,SNPNYKVN-,SNPNYKVN,0,73.5,0.0136,93.0117,0,0
0,NPNYKVNV,PEPLIST,NPN-YKVNV,NPNYKVNV,0.0004,42.9333,0.0162,89.4127,0.0004,0
0,PNYKVNVY,PEPLIST,PNY-KVNVY,PNYKVNVY,0.0099,10.2232,0.0545,35.2721,0.0099,0
0,NYKVNVYA,PEPLIST,NYK-VNVYA,NYKVNVYA,0.0002,55.8,0.0269,71.46,0.0002,0
0,YKVNVYAV,PEPLIST,YKV-NVYAV,YKVNVYAV,0.004,16.5657,0.0783,20.1664,0.004,0
0,KVNVYAVT,PEPLIST,KVNVYAVT-,KVNVYAVT,0.001,30.9643,0.0515,38.1276,0.001,0
0,VNVYAVTK,PEPLIST,VNV-YAVTK,VNVYAVTK,0.0011,29.9184,0.0507,38.9085,0.0011,0
0,NVYAVTKE,PEPLIST,NVYAVTKE-,NVYAVTKE,0.002,22.8093,0.051,38.6144,0.002,0
0,VYAVTKEN,PEPLIST,VYA-VTKEN,VYAVTKEN,0,76.3333,0.0203,82.7906,0,0
0,YAVTKENT,PEPLIST,YAVTKENT-,YAVTKENT,0.0005,38.9268,0.0306,65.2212,0.0005,0
0,AVTKENTI,PEPLIST,AVT-KENTI,AVTKENTI,0.0025,20.6642,0.0342,59.58,0.0025,0
0,VTKENTII,PEPLIST,VTKE-NTII,VTKENTII,0.0022,21.8603,0.0361,56.7809,0.0022,0
0,TKENTIIN,PEPLIST,TKENTIIN-,TKENTIIN,0.0001,73.25,0.0151,91.0514,0.0001,0
0,KENTIINP,PEPLIST,KENTIINP-,KENTIINP,0.0004,44.1852,0.0307,65.0782,0.0004,0
0,ENTIINPS,PEPLIST,ENTIINPS-,ENTIINPS,0,85.625,0.0166,88.8302,0,0
0,NTIINPSE,PEPLIST,NTIINPSE-,NTIINPSE,0.0004,43.1071,0.029,67.9607,0.0004,0
0,TIINPSEN,PEPLIST,TIINPSEN-,TIINPSEN,0.0009,32.4776,0.0411,49.8775,0.0009,0
0,IINPSENG,PEPLIST,IINPSENG-,IINPSENG,0.0002,51.5493,0.0213,81.009,0.0002,0
0,INPSENGD,PEPLIST,INPSENGD-,INPSENGD,0,97.5,0.005,97.9201,0,0
0,NPSENGDT,PEPLIST,NPSENGDT-,NPSENGDT,0,74.5,0.0101,95.8411,0,0
0,PSENGDTS,PEPLIST,#NAME?,PSENGDTS,0,95,0.006,97.5328,0,0
0,SENGDTST,PEPLIST,SENGDTST-,SENGDTST,0.0013,27.4261,0.0338,60.2227,0.0013,0
0,ENGDTSTN,PEPLIST,ENGDTSTN-,ENGDTSTN,0,90,0.009,96.287,0,0
0,NGDTSTNG,PEPLIST,NGDTSTNG-,NGDTSTNG,0,90,0.0077,96.8068,0,0
0,GDTSTNGI,PEPLIST,GDTS-TNGI,GDTSTNGI,0.0001,72.25,0.0135,93.2236,0.0001,0
0,DTSTNGIK,PEPLIST,DTS-TNGIK,DTSTNGIK,0.0001,59.8,0.018,86.5822,0.0001,0
0,TSTNGIKK,PEPLIST,TST-NGIKK,TSTNGIKK,0.0008,34.3636,0.028,69.6407,0.0008,0
0,STNGIKKI,PEPLIST,STN-GIKKI,STNGIKKI,0.0036,17.4376,0.0308,64.938,0.0036,0
0,TNGIKKIL,PEPLIST,T-NGIKKIL,TNGIKKIL,0.0004,42,0.0188,85.3723,0.0004,0
0,NGIKKILI,PEPLIST,NGI-KKILI,NGIKKILI,0.001,30.2976,0.0319,63.1546,0.001,0
0,GIKKILIF,PEPLIST,GIK-KILIF,GIKKILIF,0.0488,3.8122,0.0841,17.9248,0.0488,0
0,IKKILIFS,PEPLIST,IKKILIFS-,IKKILIFS,0.0001,62.8947,0.0229,78.2803,0.0001,0
0,KKILIFSK,PEPLIST,KKI-LIFSK,KKILIFSK,0.0023,21.441,0.0433,47.0589,0.0023,0
0,KILIFSKK,PEPLIST,KIL-IFSKK,KILIFSKK,0.0017,24.5432,0.0465,43.2878,0.0017,0
0,ILIFSKKG,PEPLIST,ILIFSKKG-,ILIFSKKG,0.0002,50.5634,0.0392,52.41,0.0002,0
0,LIFSKKGY,PEPLIST,LIFSKK-GY,LIFSKKGY,0.0952,2.3549,0.1801,3.8575,0.0952,0
0,IFSKKGYE,PEPLIST,IFSKKGYE-,IFSKKGYE,0.0002,56.7,0.0258,73.2701,0.0002,0
0,FSKKGYEI,PEPLIST,FSKK-GYEI,FSKKGYEI,0.0051,14.5564,0.052,37.6039,0.0051,0
0,SKKGYEIG,PEPLIST,SKKGYEIG-,SKKGYEIG,0.0001,61.1842,0.0169,88.3344,0.0001,0